URL,Name,Cupping Notes,Brightness,Body,Aroma,Complexity,Balance,Sweetness,Spicy,Chocolaty,Nutty,Buttery,Fruity,Flowery,Winey,Earthy,Category,Country,Local Region,Process,Certifications,Variety,Altitude (meters),Harvest,Organic Certification,Fair Trade,Rainforest Alliance Certified,Decaffeinated,Decaf Process
https://www.coffeebeancorral.com/product/Bali-Organic-Blue-Moon__BALIBEANS.aspx,"Bali Organic Blue Moon Kintamani Highlands Bali: Organic Blue Moon, Kintamani Highlands","Smooth and syrupy body with notes of baker's chocolate, cedar, molasses, and vanilla.",4,5,3,5,4,6,3,4,1,1,2,2,1,1,Organic,Bali,Bali North,Wet Hulled,Organic,"Blue Bourbon, Typica","1,100 - 1,500 masl",April - June,Yes,No,No,No,
https://www.coffeebeancorral.com/product/Bolivia-Organic-Apolo__BOLORGAPOLO.aspx,"Bolivia Apolo La Paz Department Bolivia: Apolo, La Paz Department","Transparent citrus and tangerine acidity. With remarkable clarity, complexity, and creaminess.",6,5,6,7,5,5,1,3,1,3,3,1,1,2,Conventional,Bolivia,Apolo,Washed,,"Typica, Castillo","1,700 masl",September - December,No,No,No,No,
https://www.coffeebeancorral.com/product/Bolivian-Organic-Caranavi-La-Paz-FTO__BOLOLAPAZ.aspx,"Bolivia Organic Caranavi FTO La Paz Department Bolivia: Organic Caranavi FTO, La Paz Department","Super sweet caramel, milk chocolate, rounded but heavy body with mild orange acidity in the undertones makes this an extremely balanced cup that is versatile and can be used for drip, cold brew, or a single origin espresso. Probably best roasted to a nice medium.",5,5,4,5,6,7,1,3,2,1,3,2,1,1,Organic,Bolivia,"Caranavi & Apolo Province
La Paz municipality",Washed,OrganicFair Trade,Typica,1200 - 1600 masl,April - September,Yes,Yes,No,No,
https://www.coffeebeancorral.com/product/Brazil-Decaf-Mogiana-SWP__BRAMOGSWP.aspx,"Brazil Decaf Mogiana Sul de Minas Brazil: Decaf Mogiana, Sul de Minas",Mild acidity and sweetness with an above-average body and notes of walnut and cocoa.,3,5,4,4,5,3,1,3,3,2,1,1,1,1,Decaffeinated,Brazil,Mogiana,Washed,,"Bourbon, Mundo Novo","800 - 1,200 masl",July - September,No,No,No,Yes,Swiss Water Process
https://www.coffeebeancorral.com/product/MGC-BRAOBERON.aspx,"Brazil Oberon Cerrado Brazil: Oberon, Cerrado","a creamy body, sweet chocolate and citric notes, and a light acidity. Cupping notes: Chocolate, nutty, fruity aftertaste; light acidity, sweet, full body. Clean and balanced.",4,7,4,5,5,6,2,4,4,1,3,1,1,1,Conventional,Brazil,Cerrado,Natural,,"Mundo Novo, Catuaí and Bourbon","900 - 1,250 masl",May - September,No,No,No,No,
https://www.coffeebeancorral.com/www/Products/High-Octane-Blend__HIGHOCTANE.aspx,CBC Blend: High Octane Robusta Blend,"Rich, low acidity with notes of dark chocolate, vanilla, and cinnamon with a medium to heavy body and bold, earthy flavors with a big caffeine jolt.",2,4,5,4,6,2,4,4,1,1,1,1,1,4,CBC Blend,,,,,,,,No,No,No,No,
https://www.coffeebeancorral.com/www/Products/Onobeanos-Latte-Blend__LATTE.aspx,CBC Blend: Onobeano's Latte,"A rich, sweet, chocolatey shot that really blooms in a cup of steamed milk.",6,6,5,4,6,7,1,4,1,4,1,1,1,1,CBC Blend,,,,,,,,No,No,No,No,
https://www.coffeebeancorral.com/product/Big-Black-Organic-CBC-Blend__BIGBLACKORG.aspx,CBC Blend: Organic Big Black,This bold organic coffee blend brings out the best of African and Asian coffee beans. This blend has a lot of body with both earthy and chocolaty notes - a balanced blend with a touch of spice.,3,6,5,6,5,3,3,4,3,1,3,3,1,4,CBC Blend,,,,,,,,Yes,No,No,No,
https://www.coffeebeancorral.com/product/Red-Sea-Blend__REDSEA.aspx,CBC Blend: Red Sea,Fruity characteristics of ripe red fruits with bright acidity and earthy undertones.,6,3,4,5,5,5,1,2,1,1,4,2,2,3,Conventional,Yemen,,Natural,,,,,No,No,No,No,
https://www.coffeebeancorral.com/product/True-Mocca-Java-CBC-Blend__MOCCAJAVA.aspx,CBC Blend: True Mocca Java,"Medium-bodied with dark chocolate and black pepper notes, cedar, blueberry, and herbal flavors.",4,5,5,6,5,4,1,3,2,3,2,2,1,4,CBC Blend,IndonesiaYemen,,,,,,,No,No,No,No,
https://www.coffeebeancorral.com/product/Colombia-Decaf-EA-Process__COLDECAFEAP.aspx,"Colombia Decaf EA Cauca Colombia: Decaf EA, Cauca","Candy-like, with notes of tropical fruit and citrus; creamy body",4,5,6,3,4,7,1,2,4,3,4,1,1,1,Decaffeinated,Colombia,Cauca,Washed,,"Colombia, Caturra, Castillo","1,500 – 2,100 masl",April - July,No,No,No,Yes,Ethyl Acetate Process
https://www.coffeebeancorral.com/www/Products/Colombia-Organic-FT-Sierra-Nevada__COLOSIERNEVA.aspx,"Colombia Organic Sierra Nevada FTO Santa Marta Colombia: Organic Sierra Nevada FTO, Santa Marta","Sweet brown sugar aroma, exotic well balanced flavor, clean sweet lingering rich aftertaste and rich smooth silky medium to full body with bright vibrant acidity, orange, raspberry, grapefruit, peach and chocolate notes.",6,5,4,4,6,5,1,2,1,4,4,4,1,1,Organic,Colombia,Cesar and Magdalena,Washed,OrganicFair Trade,"Castillo, Caturra, Colombia, Typica","1,200-1,500 masl",September–December,Yes,Yes,No,No,
https://www.coffeebeancorral.com/product/Dominican-Republic-Organic-Ramirez-Honey-Process__DOMRAMHONEY.aspx,"Dominican Republic Organic Ramirez Red Honey Jarabacoa Dominican Republic: Organic Ramirez Red Honey, Jarabacoa","With milky notes of vanilla, and a nutty aftertaste, with heavy strawberry aromas that carry over into a stone fruit flavor.",3,6,5,5,6,6,1,1,3,3,4,1,1,1,Organic,Dominican Republic,Jarabacoa,Honey,Organic,Red Caturra,"1,400 masl",January - May,Yes,No,No,No,
https://www.coffeebeancorral.com/coffeebeancorral.com/product/Dominican-Republic-Organic-Ramirez-Washed__DOMRAMZORGWASH.aspx,"Dominican Republic Organic Ramirez Washed Jarabacoa Dominican Republic: Organic Ramirez Washed, Jarabacoa","Smooth creamy body. Sweet undertones, butter, cream, and nuts.",4,5,5,6,3,6,1,3,3,3,1,1,1,4,Organic,Dominican Republic,Jarabacoa,Washed,Organic,Caturra,"1,400 masl",January - May,Yes,No,No,No,
https://www.coffeebeancorral.com/product/Dominican-Republic-Ramirez-Estate-Organic__DOMRAMZORG.aspx,"Dominican Republic Ramirez Natural Jarabacoa Dominican Republic: Ramirez Natural, Jarabacoa","Bright fruity notes of strawberry, cherry and cream.",4,5,5,6,3,6,1,3,3,3,1,1,1,4,Conventional,Dominican Republic,Jarabacoa,Natural,,Caturra,"1,400 masl",January - May,No,No,No,No,
https://www.coffeebeancorral.com/product/El-Salvador-Finca-La-Esperanza-RFA-SHG__ELSALVESPERANZA.aspx,"El Salvador Finca La Esperanza Santa Ana El Salvador: Finca La Esperanza, Santa Ana","Milk chocolate, brown sugar, cherry, with medium acidity, a bold body, and above-average sweetness.",4,5,5,4,5,5,2,4,1,3,2,1,1,1,Conventional,El Salvador,Santa Ana,Washed,,Bourbon,"1,180 - 1,385 masl",November - March,No,No,Yes,No,
https://www.coffeebeancorral.com/product/Ethiopia-Natural-Sidamo-Durato-Bombe-Grade-1__ETHSIDBOMBE.aspx,"Ethiopia Durato Bombe Sidamo Ethiopia: Durato Bombe, Sidamo","Very bright and very sweet, expect notes of watermelon, strawberry, Meyer lemon, and a floral nose.",7,5,4,6,6,7,1,1,1,1,4,2,2,1,Conventional,Ethiopia,Sidamo,Natural,,Heirloom,"2,050 - 2,150 masl",November - January,No,No,No,No,
https://www.coffeebeancorral.com/product/Ethiopia-Kembata-Natural-Gr-1__ETHKEMBATA.aspx,"Ethiopia Kembata G1 Durame Village Ethiopia: Kembata G1, Durame Village","Meyer lemon, dark chocolate, and blueberry notes with vibrant fruit character; high acidity, high body; above average sweetness with bright citrus and rich berry complexity.",6,6,6,6,5,5,1,3,1,1,4,1,3,1,Conventional,Ethiopia,Durame Village,Natural,,Ethiopian Heirloom,"2,100 masl",November - January,No,No,No,No,
https://www.coffeebeancorral.com/Products/Ethiopian-Queen-City-Harar-__ETHQUEENHAR.aspx,"Ethiopia Queen City Harrar Ethiopia: Queen City, Harrar","Aroma with hints of cherry, dark chocolate, and dried fruit. The taste features the same flavor notes, and is overtly wild and earthy with excellent balance.",4,5,6,5,6,5,4,4,1,1,4,1,1,4,Conventional,Ethiopia,Harari People's Regional State,Natural,,Ethiopian heirloom,1800 masl,,No,No,No,No,
https://www.coffeebeancorral.com/product/Guatemala-HHT-Dulce-Leonarda-Estate__GUATHHTDULCE.aspx,"Guatemala Dulce Leonarda Estate HHT Huehuetenango Guatemala: Dulce Leonarda Estate HHT, Huehuetenango","Great aroma, very clean, smooth mouthfeel, a nice syrupy-sweetness, medium acidity, great body and notes of caramel, cocoa, tobacco and lemony-citrus with some floral hints on a pleasant, lingering finish.",4,6,6,6,3,6,1,3,1,1,2,2,1,1,,Guatemala,Huehuetenango,Washed,,,"1,500-1,650",Jan - May,No,No,No,No,
https://www.coffeebeancorral.com/product/Guatemala-HHT-Finca-Vallaure-SHB__GUATHHTVALLAURE.aspx,"Guatemala Finca Vallure Huehuetenango Guatemala: Finca Vallure, Huehuetenango","Honey, floral and citrus with dark chocolate.",6,7,4,4,5,5,1,4,1,2,4,2,1,1,,Guatemala,Huehuetenango,Washed,,"Bourbon, Catura & Pacamara","1,800 - 2,000 masl",,No,No,No,No,
https://www.coffeebeancorral.com/www/Products/Guatemala-Organic-Asobagri-Huehuetenango-SHB---FT__GHO.aspx,"Guatemala Organic Asdecafe SHB Huehuetenango Guatemala: Organic Asdecafe SHB, Huehuetenango","Tangerine, creamy, golden raisin, toffee.",6,6,5,5,5,5,1,2,3,2,4,3,1,1,Organic,Guatemala,Huehuetenango,Washed,Organic,"Bourbon, Catuai, Pache, Catimor","1,400 - 1,800 masl",December - March,Yes,No,No,No,
https://www.coffeebeancorral.com/product/Haiti-High-Elevation-Blue-Pine__HAITIBLUEPINE.aspx,"Haiti Blue Pine Central Plateau Haiti: Blue Pine, Central Plateau","Three hand chosen varietals that provide smooth coffee, with balanced natural sweetness and floral notes. Low in acidity, sweet undertones with floral aromas",3,5,4,4,6,7,1,2,1,3,1,4,1,1,Conventional,Haiti,Central Plateau,Washed,,"Typica, Blue Mountain","1,300 masl",February - April,No,No,No,No,
https://www.coffeebeancorral.com/product/Haiti-High-Elevation-Marre-Blanc__HAITIMARREBLANC.aspx,"Haiti Marre Blanc Central Plateau Haiti: Marre Blanc, Central Plateau","Three hand chosen varietals that provide smooth coffee, with balanced natural sweetness and floral notes. Heavy almond and peanut flavors, buttery mouthfeel, smooth floral acidity. Strong sweet undertones bring a balanced creamy body.",5,5,6,5,6,7,1,2,4,4,1,3,1,1,Conventional,Haiti,Central Plateau,Washed,,"Typica, Blue Mountain, Bourbon","1,300 - 1,600 masl",December - March,No,No,No,No,
https://www.coffeebeancorral.com/product/Haitian-Blue-Organic__HAITBLUEORG.aspx,"Haiti Organic Haitian Blue Norde Haiti: Organic Haitian Blue, Norde","Mellow, smooth and creamy body, super nutty, almonds, and as a buttery mouthful. It has a low acidity, medium complexity, and a sweet, smooth finish.",5,5,6,5,4,7,1,1,4,4,2,1,1,1,Organic,Haiti,Norde,Washed,,Blue Mountain,"1,200 masl",,Yes,No,No,No,
https://www.coffeebeancorral.com/product/Haiti-High-Elevation-Savanne-Zombie__HAITIZOMBIE.aspx,"Haiti Savanne Zombie Central Plateau Haiti: Savanne Zombie, Central Plateau","Clean, smooth body, low acidity, and sweet undertones. Floral aromas.",3,6,5,4,4,6,1,1,1,4,1,3,1,1,Conventional,Haiti,Central Plateau,Washed,,"Arabica Blue Mtn, typica, Bourbon","1,400 masl",February - April,No,No,No,No,
https://www.coffeebeancorral.com/product/Honduras-Organic-18-Rabbit-Black-Honey-Process__HON18ORGBLHONEY.aspx,"Honduras Organic 18 Rabbit Black Marcala Honduras: Organic 18 Rabbit Black, Marcala","Black tea and honey notes with a mild complementing lemongrass acidity. Clean, sweet, balanced, and floral.",6,5,5,6,7,6,1,1,1,3,1,3,2,2,Organic,Honduras,Marcala,Honey,,Red and Yellow Catuai,"1,400 masl",,Yes,No,No,No,
https://www.coffeebeancorral.com/product/Honduras-Organic-18-Rabbit-Natural__HON18ORGNAT.aspx,"Honduras Organic 18 Rabbit Natural Marcala Honduras: Organic 18 Rabbit Natural, Marcala","Strawberry aromas that carry over into the cup with fruit forward flavors, hints of chocolate, and a thin body-well balanced.",5,3,6,6,7,7,1,2,1,3,4,3,1,1,Organic,Honduras,Marcala,Natural,,Red and Yellow Catuai,"1,400 masl",,Yes,No,No,No,
https://www.coffeebeancorral.com/product/Honduras-Organic-18-Rabbit-Red-Honey-Process__HON18ORGRDHONEY.aspx,"Honduras Organic 18 Rabbit Red Marcala Honduras: Organic 18 Rabbit Red, Marcala","Aromas of strawberry, raspberry, and cherry that carry over into the cup and a heavier body with mild fruit notes, graham cracker, and walnuts. Balanced acidity and sweetness, well rounded, smooth, and juicy.",6,6,4,4,5,4,1,1,4,1,3,2,1,1,,Honduras,Marcala,Honey,,Red and Yellow Catuai,"1,400 masl",January - April,Yes,No,No,No,
https://www.coffeebeancorral.com/product/Honduras-18-Rabbit-Organic-Microlot__HON18RAB.aspx,"Honduras Organic 18 Rabbit Washed Marcala Honduras: Organic 18 Rabbit Washed, Marcala",Chocolate flavors and a mild green apple-like acidity with a heavy body and very sweet.,7,5,6,3,5,6,1,4,1,3,3,2,1,1,Organic,Honduras,Marcala,Washed,,Red and Yellow Catuai,"1,400 masl",,Yes,No,No,No,
https://www.coffeebeancorral.com/product/Honduras-Organic-18-Rabbit-Yellow-Honey-Process__HON18ORGYLWHONEY.aspx,"Honduras Organic 18 Rabbit Yellow Marcala Honduras: Organic 18 Rabbit Yellow, Marcala","Mild floral notes that carry over into the flavor, very sweet, creamy body with honeysuckle flavors.",6,1,6,4,5,6,1,2,1,2,4,3,1,1,Organic,Honduras,Marcala,Honey,,Red and Yellow Catuai,"1,400 masl",January - April,Yes,No,No,No,
https://www.coffeebeancorral.com/product/India-Cherry-Robusta__INDCHRYROB.aspx,India: Cherry Robusta,"Cupping Notes:Malt, popcorn, buckwheat tea, and cocoa",4,1,1,1,1,1,1,2,1,1,1,1,1,1,Conventional,India,Karnataca,Natural,,Robusta Peridinia,"1,200 - 1,350 masl",December - March,No,No,No,No,
https://www.coffeebeancorral.com/www/Products/Indian-Monsooned-Malabar-__INDMAL.aspx,"India Monsooned Malabar AA Karnataka India: Monsooned Malabar AA, Karnataka","Spicy, earthy, smoky, and sweet tobacco flavors with a creamy body and medium acidity.",4,4,5,5,5,5,4,1,1,1,1,4,1,4,Conventional,India,Karnataka,Other,,"Kents, S.795, Catimor, Selection 9","1,100-1,200 masl",October- February,No,No,No,No,
https://www.coffeebeancorral.com/product/Jamaica-Blue-Mountain-Peaberry__JBMPEA.aspx,"Jamaica Blue Mountain Peaberry Portland Parish Jamaica: Blue Mountain Peaberry, Portland Parish","Chocolate, sweet, floral, and creamy aroma, with dark chocolate, slightly herbal, nutty, floral, mild fruits, a pop of spice & honey. Mild earthy and dark chocolate aftertaste",4,5,5,6,7,6,2,3,2,2,2,3,1,2,Conventional,Jamaica,Portland Parish,Washed,Rain Forest Alliance,Blue Mountain,"1,000 masl",October - Feb,No,No,No,No,
https://www.coffeebeancorral.com/product/Java-Estate-Kayumas__JAVAKAYUMAS.aspx,"Java Blawan Estate East Java Java: Blawan Estate, East Java","A rich, medium-acidity coffee with a robust body and sweetness, with notes of vanilla, caramel, and black cherry.",4,7,5,5,5,6,2,2,1,3,2,2,1,2,Conventional,Indonesia,East Java,Washed,,Typica,"1,600 masl",May - July,No,No,No,No,
https://www.coffeebeancorral.com/www/Products/Java-Organic-Kayumas-Taman-Dadar__JAVAORGTA.aspx,"Java Organic Taman Dadar Kayumas Java: Organic Taman Dadar, Kayumas","Above average sweetness and body with low acidity and notes of vanilla, dark chocolate, and cedar.",3,6,4,4,5,5,2,3,1,2,1,3,1,3,Organic,Indonesia,Kayumas,Wet Hulled,OrganicRain Forest Alliance,Typica,"800 - 1,600 masl",May - September,Yes,No,Yes,No,
https://www.coffeebeancorral.com/www/Products/Mexican-Organic---Chiapas__MEXORGCHIAPAS.aspx,"Mexico Organic Mocabe HG Chiapas Mexico: Organic Mocabe HG, Chiapas","Washed and sun dried. Cups with notes of dark chocolate, a slight citrus sweetness, some nuttiness and a well-rounded body.",4,5,4,5,6,3,1,4,4,4,3,1,1,1,Organic,Mexico,Chiapas,Washed,,"Bourbon, Caturra, Catuai","1,350 masl",December - March,Yes,No,No,No,
https://www.coffeebeancorral.com/product/Mexico-Rancho-San-Francisco-Chiapas__MEXSANFRAN.aspx,"Mexico Rancho San Francisco Chiapas Mexico: Rancho San Francisco, Chiapas","Medium body, medium acidity, smoky with almond nuttiness and slight hints of peach.",4,5,4,5,6,3,1,4,4,4,1,4,1,1,Conventional,Mexico,Chiapas,Washed,,"Typica, Bourbon","1,005 - 1,524 masl",November — January,No,No,No,No,
https://www.coffeebeancorral.com/product/Mexico-Chiapas-Turquesa-HG-EP__MEXCHIAPAS.aspx,"Mexico Turquesa HG Chiapas Mexico: Turquesa HG, Chiapas","Milk chocolate, nutty, grape, citrus; medium body, cools sweet",4,4,4,5,6,3,1,4,4,1,1,1,1,1,Conventional,Mexico,Chiapas,Washed,,"Bourbon, Caturra, Typica and Catuaí","900 - 1,100 masl",December - March,No,No,No,No,
https://www.coffeebeancorral.com/product/Morning-Glory-Organic-Decaf-Blend-SWP__MORNGLORYSWP.aspx,"Multi Origin Decaf Morning Glory Multi Origin Blend Multi Origin: Decaf Morning Glory, Multi Origin Blend","This outstanding decaf is a multiple-origin blend named in honor of that lovely blue flower that blooms before sunrise, is vibrant all day and calls it quits by sundown. Citrus, bright, good body, milk chocolate sweetness, balanced, less decaf taste.",6,5,4,3,6,4,1,4,1,2,3,1,1,1,Decaffeinated,ColombiaGuatemalaHondurasIndonesiaMexicoPeru,"South America, Central America  & Indonesia",,,,,,Yes,Yes,No,Yes,Swiss Water Process
https://www.coffeebeancorral.com/product/Peru-Organic-La-Florida-FTO__PERULAFLOR.aspx,"Peru Organic La Florida Selva Central Peru: Organic La Florida, Selva Central","Dark chocolate, brown sugar and almond, with a full, creamy body, and mild acidity.",3,6,5,4,6,3,1,4,3,2,1,1,1,2,Organic,Peru,Selva Central,Washed,OrganicFair Trade,"Caturra, Typica, Bourbon, Catimor",915 masl,June - July,Yes,Yes,No,No,
https://www.coffeebeancorral.com/product/Rwanda-Dukunde-Kawa-Ruli-Gakenke-Districk__RWANRULI.aspx,"Rwanda Dukunde Kawa Ruli Gakenke Districk Rwanda: Dukunde Kawa Ruli, Gakenke Districk","Papaya, passion fruit, grilled apricot, pink lemonade, caramel, complex",6,4,4,6,6,5,1,1,1,1,4,2,2,1,Conventional,Rwanda,Gatagara Village,Washed,Fair TradeRain Forest Alliance,Bourbon,"1,800 - 2,100 masl",March - October,No,Yes,Yes,No,
https://www.coffeebeancorral.com/www/Products/Sulawesi-Toraja__SULATOR.aspx,"Sulawesi Toraja Sapan Minanga Tana Toraja Sulawesi:Toraja Sapan Minanga, Tana Toraja","Low acidity and sweetness, heavy body, with notes of vanilla, molasses, and black licorice.",2,6,4,4,5,3,3,2,3,2,1,2,1,3,Conventional,Indonesia,Tana Toraja,Wet Hulled,,"Typica, Catimor, and S-795","1,400 - 2,000 masl",May - July,No,No,No,No,
https://www.coffeebeancorral.com/product/Sumatra-Mandheling-Grade-1__SUMMAN.aspx,"Sumatra Mandheling G1 Aceh Sumatra: Mandheling G1, Aceh","Cupping Notes: Chocolate, cedar, sweet tobacco, and spice, along with a mild acidity and creamy body.",5,5,4,5,4,5,4,1,1,1,4,4,1,4,Conventional,Indonesia,"Batak Region of West-Central Sumatra, Aceh",Wet Hulled,,"Catimor, Typica","1,100 - 1,500 masl",June - December,No,No,No,No,
https://www.coffeebeancorral.com/www/Products/Sumatra-Organic-Mandehling-FT__SUMOMAND.aspx,"Sumatra Organic Mandheling Aceh Sumatra: Organic Mandheling, Aceh","Medium bodied cup with bright acidity and ""clay"" earthiness. Notes of orchid and orange and barest grapefruit. Light in the mouth but not insubstantial, with very light aftertaste.",5,4,3,6,3,2,2,1,1,2,3,3,1,4,Organic,Indonesia,Aceh,Wet Hulled,,"Catimor, Typica","900 - 1,600 masl",June - December,Yes,Yes,No,No,
https://www.coffeebeancorral.com/product/Sumatra-Tiger-Lintong-__SUMTIGER.aspx,"Sumatra Tiger Lintong Sumatra: Tiger, Lintong","A nice, earthy aroma, creamy, big body, and notes of dark chocolate, honey, and black pepper. Substantial mouthfeel and a pleasant lingering aftertaste.",6,7,4,3,5,3,3,4,2,4,2,1,1,2,Conventional,Indonesia,Lintong,Semi Washed,,"Catimor, Typica Hybrids","1,100-1,200",May - October,No,No,No,No,
https://www.coffeebeancorral.com/product/Timor-Organic-Decaf-Royal-Select-FTO__TIMORGRSDECAF.aspx,"Timor Organic Decaf Cafe Timor Coop East Timor Timor: Organic Decaf Cafe Timor Coop, East Timor","Low acidity, heavy body with notes of dark chocolate, raisin, and molasses.",2,6,4,4,5,5,1,3,2,2,2,1,1,4,Organic Decaffeinated,Indonesia,East Timor,,,,"1,200 - 1,400 masl",,Yes,Yes,No,Yes,Swiss Water Process
https://www.coffeebeancorral.com/product/Timor-Organic-Heritage-Reserve-FTO-Timor-Coop__TIMORGHERITAGE.aspx,"Timor Organic Heritage Reserve FTO East Timor Timor: Organic Heritage Reserve FTO, East Timor","Pleasant, tangy acidity, a full body with a robust mouthfeel, and elevated sweetness with distinct notes of dark chocolate and graham cracker.",6,6,3,4,4,5,1,3,1,2,1,1,1,1,Organic,Indonesia,East Timor,Washed,OrganicFair Trade,Hibrido de Timor,1000 to 1400 masl,May - October,Yes,Yes,No,No,
https://www.coffeebeancorral.com/product/Uganda-Kaweri-Robusta__UGANDAROBUSTA.aspx,"Uganda Kaweri Robusta Mubende Uganda: Kaweri Robusta, Mubende","This Uganda Kaweri Robusta has the taste of peanut, popcorn, salted caramel, vanilla, slightly floral, pear, malty, quick finish, light body.",4,2,3,3,3,1,1,1,4,1,2,2,1,1,Conventional,Uganda,Mubende district,Washed,,Robusta,"1,300 masl",,No,No,No,No,
https://www.coffeebeancorral.com/www/Products/Bali-Kintamani-Organic-Natural__BALIKINTOR.aspx,"Bali Organic Kintamani Kintamani Highlands Bali: Organic Kintamani, Kintamani Highlands","High sweetness and brightness, above average body, with notes of tangerine, strawberry, grape, and blackberry.",6,5,5,5,4,7,1,2,1,1,4,1,3,1,Organic,Bali,Kintamani Highlands,Natural,Organic,"Bourbon, Typica","1,300 - 1,700 masl",May - August,Yes,No,No,No,
https://www.coffeebeancorral.com/product/Brazil-Daterra-Summer-Solstice__DATSUM.aspx,Brazil Daterra Summer Solstice,"Very fruity with notes of grape, strawberry, tropical fruits, honeyed sweetness, malic acidity, and a full, velvety body.",5,6,6,5,5,6,1,2,2,3,4,2,1,1,Conventional,Brazil,Cerrado,Natural,,Mundo Novo,"1,150",June - August,No,No,Yes,No,
https://www.coffeebeancorral.com/product/Brazil-Minas-Gerais-1718__BRAMINAS.aspx,"Brazil Cerrado 17/18 Minas Gerais Brazil: Cerrado 17/18, Minas Gerais","Walnut and dark chocolate notes that carry over into the cup with brown sugar; low acidity, medium body, a balanced cup.",2,5,4,3,5,5,1,3,3,2,1,1,1,3,Conventional,Brazil,"Minas Gerais, Brazil",Natural,,"Mundo Novo, Yellow Catuai, Red Catuai, Acaia","915 - 1,219 masl",April - September,No,No,No,No,
https://www.coffeebeancorral.com/product/Daterra-Espresso-Blend.aspx,"Brazil CHC Reserve Espresso Daterra Estate Brazil: CHC Reserve Espresso, Daterra Estate",CHC Espresso is a perfect single shot espresso rich in flavors with a hint of caramelized pecan on the finish.,4,6,5,6,5,5,1,4,4,4,1,1,1,1,Conventional,Brazil,South America,Semi Washed,,"Mundo Nuovo, Catuai, Bourbon","1,150 masl",June - August,No,No,Yes,No,
https://www.coffeebeancorral.com/product/Brazil-Bela-Vista-Washed__BRAVISTAWASH.aspx,"Brazil Fazenda Bela Vista Sul de Minas Brazil: Fazenda Bela Vista, Sul de Minas","Fazenda Bela Vista Washed Yellow Bourbon has notes of red fruit, mild acidity, and a creamy body.",3,5,4,5,5,5,1,1,1,3,4,1,1,1,Conventional,Brazil,Minas Gerais – Nepomuceno Town,Washed,,Yellow Bourbon,"900 - 1,300 masl",May - September,No,No,No,No,
https://www.coffeebeancorral.com/product/Brazil-Organic-Fazenda-Dutra-Natural-1416__BRAORGDUTRA.aspx,"Brazil Organic Fazenda Dutra 14/16 Matas de Minas Brazil: Organic Fazenda Dutra 14/16, Matas de Minas","Sweet, medium brightness and body with notes of cherry, cocoa, and raisin.",4,4,4,5,6,5,1,4,1,3,3,1,1,1,Organic,Brazil,Matas de Minas,Natural,Organic,"Red and yellow Catuai, Mundo Novo, Bourbon, Catucai, yellow Pacamara, Icatu, Geisha, Catiguá MG3, Aramosa, Kent","650 - 1,400 masl",,Yes,No,No,No,
https://www.coffeebeancorral.com/product/Brazil-Bourbon-Peaberry-Daterra-Estate-Pearl-Bourbon__DATPEARLBBN.aspx,"Brazil Pearl Bourbon Peaberry Daterra Estate Brazil: Pearl Bourbon Peaberry, Daterra Estate",A harmonious coffee with pronounced sweetness in the aftertaste. Try a medium/medium dark roast to bring out distinctive nuttiness with a hint of soft fruit and low acidity.,5,6,6,5,7,6,1,2,3,3,4,2,1,1,Conventional,Brazil,South America,Semi Washed,,Bourbon,"1,500 masl",June - August,No,No,Yes,No,
https://www.coffeebeancorral.com/product/Brazil-Sweet-Blue-Daterra-Estate__DATBLUE.aspx,"Brazil Sweet Blue Daterra Estate Brazil: Sweet Blue, Daterra Estate","Lighter roast is very syrupy and sweet with a strong almond character. Medium to medium dark roasts bring out spicy and intense dark cocoa notes that taste like an elegant, spicy chocolate bar.",5,6,6,5,7,6,3,4,3,3,1,2,1,1,Conventional,Brazil,South America,Semi Washed,,"Mundo Nuovo, Catuai, Bourbon","1,150 masl",June - August,No,No,Yes,No,
https://www.coffeebeancorral.com/product/Brazil-Daterra-Estate-Sweet-Yellow-RFA__DATYELLOW.aspx,"Brazil Sweet Yellow Daterra Estate Brazil: Sweet Yellow, Daterra Estate","Good underlying acidity and medium body. The coffee offers a refreshing, clean-sweet aftertaste.",4,4,5,5,5,5,1,2,4,4,1,3,1,1,Conventional,Brazil,South America,Semi Washed,,"Mundo Nuovo, Catuai, Bourbon","1,150 masl",June - August,No,No,Yes,No,
https://www.coffeebeancorral.com/product/Burundi-Mugoyi-Izuba-Kayanza__BURMUG.aspx,"Burundi Mugoyi Izuba Kayanza Province Burundi: Mugoyi Izuba, Kayanza Province","Jam, peach, and strawberry notes with vibrant stone fruit sweetness; high acidity, above average body; bright fruit-forward character with jammy mouthfeel and lingering sweet finish.",6,5,4,5,5,6,1,1,1,1,4,1,3,1,Conventional,Burundi,Kayanza Province,Natural,,,"1,500 masl",March,No,No,No,No,
https://www.coffeebeancorral.com/www/Products/Ferdelance-Espresso-Blend__FERDELANCE.aspx,CBC Blend: Ferdelance,"Roast it lighter and enjoy a creamy chocolate espresso drink with a dominant nutty taste, or take it to the limit and get the bittersweet end of the spectrum. Very versatile and quite complex.",4,6,5,6,5,5,1,4,4,4,1,1,1,1,CBC Blend,,,,,,,,No,No,No,No,
https://www.coffeebeancorral.com/product/Four-Horsemen-CBC-Blend__FOURBLEND.aspx,CBC Blend: Four Horseman,"These specially selected Central American coffee beans give this blend a nice balance, acidity and body with a mild flavor. This coffee has a good mixture of smooth sweetness and a fruity acidity that give it a nice ""clean"" flavor.",5,5,5,5,5,4,3,4,1,1,4,1,1,2,CBC Blend,Costa RicaEl SalvadorGuatemalaMexico,,,,,,,No,No,No,No,
https://www.coffeebeancorral.com/product/Highlands-CBC-Blend__HIGHBLEND.aspx,CBC Blend: Highland,"A well-balanced, medium bodied full-flavored coffee with the sweetness of cane sugar with a creamy body and sweet caramel overtones.",4,6,3,5,6,5,1,3,1,2,3,2,1,2,CBC Blend,ColombiaGuatemalaPapua New Guinea,,,,,,,No,No,No,No,
https://www.coffeebeancorral.com/product/Kope-Kapuna-CBC-Blend__KAPUNA.aspx,CBC Blend: Kope Kapuna,"Chocolaty and fruity, with a hint of spice and just enough heft and body to be truly satisfying.",5,5,5,5,5,4,3,4,1,1,4,1,1,2,CBC Blend,United States,,,,,,,No,No,No,No,
https://www.coffeebeancorral.com/product/Holiday-Espresso-Blend-Organic__HolidayEspre.aspx,CBC Blend: Organic Kope Kapuna,"This blend is heavy on chocolate, with a buttery background, along with some citrus and flowery notes.",6,5,5,4,5,4,1,4,1,1,4,3,1,1,CBC Blend,,,,,,,,Yes,No,No,No,
https://www.coffeebeancorral.com/product/Colombia-Bucaramanga-El-Gato-Supremo__COLBUC.aspx,"Colombia El Gato Supremo Bucaramanga Colombia: El Gato Supremo, Bucaramanga","Well-balanced with sweet aromas of brown sugar and maple syrup. Smooth, silky medium body carries bright, crisp winey acidity, complemented by citrus, lemon, orange, red fruit, nectarine, and dark chocolate notes. A clean, lingering finish with sweet, rich complexity.",6,5,5,4,6,6,1,3,1,2,4,2,3,1,Conventional,Colombia,Bucaramanga,Washed,,"Castillo, Colombia, Caturra, Typica","1,000 - 2,000 masl",October - December,No,No,No,No,
https://www.coffeebeancorral.com/www/Products/Colombia-Supremo-Narino---Reserva-del-Patron__COLRESERVA.aspx,"Colombia Reserva Del Patron Narino Colombia: Reserva Del Patron, Narino","Excellent body, deep, rich. complex and bright. Fruity (currants and plums) overtones with a nice chocolate background, just a hint of earthiness and a long, satisfying finish.",5,4,5,5,5,4,1,4,3,1,4,1,1,3,Conventional,Colombia,Narino,Washed,,"Borbon, Caturra, Typica","1,600 - 2,200 masl",May - June,No,No,No,No,
https://www.coffeebeancorral.com/www/Products/Colombia-Supremo---Huila-__COLHUILA.aspx,"Colombia Supremo EP Huila Colombia: Supremo EP, Huila","Well balanced acidity and a delicate medium body. It starts off sweet with notes of tart fruit and finishes with a bittersweet, dark cocoa notes.",4,4,5,4,6,5,1,4,1,1,4,1,4,1,Conventional,Colombia,Huila,Washed,,"Caturra, Typica","1,520 - 1,650 masl",October - February,No,No,Yes,No,
https://www.coffeebeancorral.com/product/Costa-Rica-Decaf-El-Indio-SWP__CRINDIODECAF.aspx,Costa Rica: Decaf El Indio SWP,"Very well-balanced with a heavy body and high, slightly winey acidity.  Flavor attributes are complex and range from tropical nuts and dark chocolate to citrus fruit.",6,6,5,5,6,5,1,4,3,1,3,1,2,1,Decaffeinated,Costa Rica,Tarrazu,Washed,,"Caturra, Catuai","1,200 - 2,000 masl",November - February,No,No,No,Yes,Swiss Water Process
https://www.coffeebeancorral.com/product/Costa-Rica-El-Conquistador-Tarrazu__CRELCON.aspx,"Costa Rica El Conquistador Tarrazu Costa Rica: El Conquistador, Tarrazu","Fruity, nutty characteristics that make this region’s coffees famous. Brightness, body, complexity, aroma and good balance are all clearly apparent.",6,4,5,4,5,4,1,4,4,1,4,1,1,2,Conventional,Costa Rica,Tarrazu,Washed,,"Caturra, Catuai","1,200 - 1,900 masl",December - February,No,No,No,No,
https://www.coffeebeancorral.com/product/Costa-Rica-La-Gladiola__CRLAGLAD.aspx,"Costa Rica La Gladiola Tarrazu Costa Rica: La Gladiola, Tarrazu","La Gladiola exhibits a wonderful acidity, good body with some citrus cocoa notes.",4,6,5,4,6,4,1,3,1,2,4,1,1,1,Conventional,Costa Rica,Tarrazu,Washed,,"Caturra, Catuai","1,300 - 1,800 masl",November - February,No,No,No,No,
https://www.coffeebeancorral.com/www/Products/Costa-Rica-Tres-Rios---La-Magnolia-SHB-__CRTR-LAMAG.aspx,"Costa Rica La Magnolia Tres Rios Costa Rica: La Magnolia, Tres Rios","A sparkling, clean, lemon-orange brightness with chocolate and nutty overtones that carry through to the long, complex finish.",5,4,5,5,6,5,1,4,4,4,4,1,1,1,Conventional,Costa Rica,Tres Rios,Washed,,"Caturra, Catuai","1,200 - 1,650 masl",December - February,No,No,No,No,
https://www.coffeebeancorral.com/www/Products/Costa-Rica---LaMinita-Tarrazu__CRLAMINITA.aspx,"Costa Rica La Minita Estate Tarrazu Costa Rica: La Minita Estate, Tarrazu","Brilliant acidity, a medium body, and sweet flavors of orange citrus, caramelized sugar, and fine chocolate. It is impeccably balanced with a long, satisfying finish",5,4,6,5,6,5,1,4,1,1,4,1,1,4,Conventional,Costa Rica,Tarrazu,Washed,,Caturra,"1,143 - 1,524 masl",March - May,No,No,Yes,No,
https://www.coffeebeancorral.com/product/Costa-Rica-Organic-La-Amistad__CRORG.aspx,"Costa Rica Organic La Amistad Coto Brus Costa Rica: Organic La Amistad, Coto Brus",Brown sugar sweetness with milk chocolate and a fruity orange finish. Expect a full-bodied zing in your cup!,4,5,5,4,5,5,1,4,1,3,4,1,1,4,Organic,Costa Rica,Coto Brus,Washed,Organic,"Caturra, Catuai","1,220 - 1,524 masl",January - March,Yes,No,No,No,
https://www.coffeebeancorral.com/Products/Ethiopian-Natural-Decaf__ETHNDCF.aspx,"Ethiopia Decaf Sidamo Natural Sidamo Ethiopia: Decaf Sidamo Natural, Sidamo","Above average sweetness, medium body & brightness, with notes of milk chocolate, cherry, and brown sugar.",4,4,4,4,5,5,2,3,1,2,3,1,1,1,Decaffeinated,Ethiopia,Sidamo,Natural,,Ethiopian Heirloom,"1,500 masl",December - May,No,No,No,Yes,Mountain Water Process
https://www.coffeebeancorral.com/product/Ethiopia-Washed-Gedeb-Worka-Sakaro-GR1-brYirgacheffe__ETHGADEB.aspx,"Ethiopia Gedeb Worka Sakaro G1 Yirgacheffe Ethiopia: Gedeb Worka Sakaro G1, Yirgacheffe","Blueberry, Butterscotch, Kiwi, Pineapple.",7,6,5,5,5,7,1,1,1,2,4,3,2,1,Conventional,Ethiopia,Yirgacheffe,Natural,,"Dega, Kurame, Wolisho","2,000 - 2,200 masl",December - February,No,No,No,No,
https://www.coffeebeancorral.com/www/Products/Ethiopian-Yergacheffe__ETHYERG.aspx,"Ethiopia Konga G2 Yirgacheffe Ethiopia: Konga G2, Yirgacheffe","Apricot, Floral, Raspberry",5,4,4,5,6,4,1,4,1,1,4,4,1,4,Conventional,Ethiopia,Yirgacheffe,Washed,,Indigenous Heirloom varietals,"1,850 - 1,950 masl",October - February,No,Yes,No,No,
https://www.coffeebeancorral.com/www/Products/Ethiopian-Harar---Longberry__ETHHARLONG.aspx,"Ethiopia Longberry Harrar Ethiopia: Longberry, Harrar","Smooth, full body with a winey, sweet, and bright acidity and fruity notes of blueberry.",6,6,5,5,4,4,1,3,1,1,4,2,4,1,Conventional,Ethiopia,Harrar,Natural,,Ethiopia Heirloom cultivars,"1,500 - 2,000 masl",October - February,No,No,No,No,
https://www.coffeebeancorral.com/product/Ethiopian-Organic-Yirgacheffe-Misty-Valley-Natural__ETHORGMISTYVAL.aspx,"Ethiopia Misty Valley Yirgacheffe Ethiopia: Misty Valley, Yirgacheffe","Cupping Notes: Blueberry, chocolate, strawberry, floral, clean, milky body, incredible balance.",5,5,7,7,6,5,4,4,3,1,4,3,4,1,Conventional,Ethiopia,Yirgacheffe,Natural,,Heirloom varieties,"1,750 - 1,950 masl",August - November,No,No,No,No,
https://www.coffeebeancorral.com/www/Products/Ethiopian-Organic-Yergacheffe-Konga-G2__ETHORGKONG2.aspx,"Ethiopia Organic Konga G2 Yirgacheffe Ethiopia: Organic Konga G2, Yirgacheffe","Bergamot, peach, orange marmalade, tea-like but silky body. Delicate 
and articulated.",5,4,5,5,4,6,1,2,1,4,4,3,2,1,Organic,Ethiopia,Yirgacheffe,Washed,Organic,"Arabica, Heirloom Varietals","1,900 - 2,300 masl",October - February,Yes,No,No,No,
https://www.coffeebeancorral.com/product/Ethiopian-Organic-Limu-G2__ETHORGLIMU.aspx,"Ethiopia Organic Limu G2 Oromia Ethiopia: Organic Limu G2, Oromia","Fruity with limey citrus, herbal, and floral notes. Chocolaty and complex.",6,4,5,7,4,3,1,4,1,2,4,4,3,1,Organic,Ethiopia,Oromia region,Washed,Organic,Indigenous landraces and heirloom cultivars,"1,900 masl",October - December,Yes,No,No,No,
https://www.coffeebeancorral.com/product/Guatemala-Organic-HHT-Royal-Select-MWP-Decaf-FTO__GUATORGRSDCF.aspx,"Guatemala Decaf HHT Royal Select Huehuetenango Guatemala: Decaf HHT Royal Select, Huehuetenango","Cane Sugar, Stone Fruit, Mandarin Orange, Black Tea, Milk Chocolate, and Roasted Hazelnut",3,3,5,3,5,4,1,4,1,1,3,3,1,1,Decaffeinated,Guatemala,Huehuetenango,Other,,"Bourbon, Caturra","1,372  masl",December - May,No,No,No,Yes,Swiss Water Process
https://www.coffeebeancorral.com/product/Guatemala-Finca-Santa-Margarita__GUATMARGARITA.aspx,"Guatemala Finca Santa Margarita Acatenango Guatemala: Finca Santa Margarita, Acatenango","Smooth body, jasmine, floral, cocoa powder, milk chocolate, almonds, caramel, delicate finish.",6,4,4,3,4,6,1,4,1,1,4,2,1,1,Conventional,Guatemala,"Chimaltenango, Acatenango",Washed,,"Caturra, Sarchimor, Catimor, Geisha","1,640 masl",September - April,No,No,No,No,
https://www.coffeebeancorral.com/product/Guatemala-Geisha-Honey-SHB-EP__GUATGEISHA.aspx,"Guatemala Geisha Honey SHB EP San Marcos Guatemala: Geisha Honey SHB EP, San Marcos","Well balanced intense flavor, sweet brown sugar honey aroma, smooth juicy medium to full body and clean sweet fruity lingering aftertaste with bright tangy acidity, citrus, orange, raspberry, nectarine, peach and chocolate notes.",6,6,5,6,6,6,1,3,1,1,4,2,3,1,Conventional,Guatemala,San Marcos,Honey,,Geisha,"1,500-1,650",Jan - May,No,No,No,No,
https://www.coffeebeancorral.com/product/Guatemala-Huehuetenango-SHB__GUATHHTSB.aspx,"Guatemala HHT SHB Huehuetenango Guatemala: HHT SHB, Huehuetenango","Well balanced intense flavor, sweet brown sugar honey aroma, smooth medium body and clean sweet lingering aftertaste with bright crisp vibrant acidity, citrus, orange, lime, peach, apple and chocolate notes.",5,6,5,4,5,6,1,3,2,2,3,4,1,1,Conventional,Guatemala,Huehuetenango,Washed,,"Bourbon, Caturra and Pache","1,500 - 1,700 masl",January - April,No,No,No,No,
https://www.coffeebeancorral.com/product/Guatemala-La-Flor-del-Cafe-Antigua-Peaberry__GUATFLPB.aspx,"Guatemala La Flor Del Cafe Peaberry Antigua Guatemala: La Flor Del Cafe Peaberry, Antigua",It has lively acidity and a heavy body with flavors of chocolate and caramel.,5,4,6,4,5,3,1,4,1,4,4,4,1,4,Conventional,Guatemala,Antigua,Washed,,"Caturra, Catuai, Bourbon","1,200 - 1,600 masl",December - March,No,No,No,No,
https://www.coffeebeancorral.com/www/Products/Guatemala-Antigua---La-Flor-del-Cafe__GUATANT.aspx,"Guatemala La Flor Del Cafe Antigua Guatemala: La Flor Del Cafe, Antigua","The aroma is rich, dark, chocolate, classic on the nose. Acidity is low to medium and the body is full. The flavor is subtle: dark, mocha notes, and rich.",5,4,6,4,5,2,1,4,1,4,2,2,1,2,Conventional,Guatemala,Antigua,Washed,,"Caturra, Catuai, Bourbon","1,200 - 1,600 masl",December- March,No,No,No,No,
https://www.coffeebeancorral.com/product/Guatemala-Robusta-Washed__GUATROBUSTA.aspx,"Guatemala Robusta Chimaltenango Guatemala: Robusta, Chimaltenango","Cupping Notes:Sweet caramelized nutty aroma with brown spice pepper notes. Well balanced, with mild acidity and a smooth medium body.",4,4,3,2,4,6,3,4,1,2,4,1,1,3,,Guatemala,,Washed,,,,,No,No,No,No,
https://www.coffeebeancorral.com/product/Kona-Peaberry__KONAPEA.aspx,"Hawaii Kona Peaberry Mauka Honaunau District Hawaii: Kona Peaberry, Mauka Honaunau District","Rich, smooth taste with mild acidity, creamy body, and a light lingering aftertaste with notes of milk chocolate, vanilla, caramel, nuts, and citrus.",4,6,3,5,6,5,3,4,4,1,3,1,1,2,Conventional,,Kona,Washed,,"Arabica, Kona Typica",914 masl,September - April,No,No,No,No,
https://www.coffeebeancorral.com/product/Hawaii-Kona-Prime-Natural-Mount-Hualali__KONANAT.aspx,"Hawaii Kona Prime Natural Mount Hualali Hawaii: Kona Prime Natural, Mount Hualali","Peach, tart, berries, sweet, fruity aroma that carries over into a juicy, tart raspberry-forward cup with maple sweetness and a short, pleasing aftertaste.",5,5,5,6,6,5,1,2,2,3,4,1,2,2,Conventional,United States,Kona,Natural,,,563.88 - 685.8 masl,,No,No,No,No,
https://www.coffeebeancorral.com/www/Products/Kona-Purple-Mountain-Organic__KONAPMTNORG.aspx,"Hawaii Kona Purple Mountain Honaunau District Hawaii: Kona Purple Mountain, Honaunau District",Sweet and chocolatey with fruity undertones,5,4,5,6,6,4,1,4,4,4,4,1,1,1,,United States,,,,,600 masl,,No,No,No,No,
https://www.coffeebeancorral.com/product/__HONDKING.aspx,"Honduras Kingdom Growers SHG Montecillos Honduras: Kingdom Growers SHG, Montecillos","Well balanced, sweet citrus fragrance, good acidity with sweet orange flavor, molasses, and a creamy body and finish.",6,6,4,3,4,6,1,1,1,3,4,2,2,1,Conventional,Honduras,Montecillos,Washed,,"Bourbon, Catuí, Caturra, Pacas & Typica","1,200 - 1,600 masl",December - April,No,No,No,No,
https://www.coffeebeancorral.com/product/Honduras-Maya-Royal-Select-Organic-MWP-Decaf-FTO__HONDOMAYA.aspx,"Honduras Organic Decaf Maya Royal Select Marcala Honduras: Organic Decaf Maya Royal Select, Marcala","Brown sugar, lemon, and cocoa",4,4,4,3,6,4,1,4,1,3,3,1,1,1,Organic Decaffeinated,Honduras,Marcala,,OrganicFair Trade,"Pacas, Catimor, Catuai, Bourbon","800 - 1,524 masl",December - April,Yes,Yes,No,Yes,Mountain Water Process
https://www.coffeebeancorral.com/www/Products/Indian-Mysore-Extra-Bold-Nuggets__INDMYSORE.aspx,"India Mysore Nuggets Chikmagalur District India: Mysore Nuggets, Chikmagalur District","Bakers chocolate, graham cracker, and nutmeg.",4,4,5,6,6,4,4,3,4,3,1,1,1,3,Conventional,India,Chikmagalur District,Washed,,"Cauvery, Kent, S.795, S.9","1,200 - 1,350 masl",December - March,No,No,No,No,
https://www.coffeebeancorral.com/product/Bali-Hai-Organic-Blend-SWP-Decaf.aspx,"Indonesia Organic Decaf Bali Hai Indonesia Blend Indonesia: Organic Decaf Bali Hai, Indonesia Blend",Muted earthiness with flavors of cocoa and marshmallow.,4,5,4,4,6,4,1,4,2,3,2,1,1,3,Organic Decaffeinated,Multiple,Indonesia,,,,,,Yes,No,No,Yes,Swiss Water Process
https://www.coffeebeancorral.com/product/Jamaican-Blue-Mountain__JBM.aspx,"Jamaica Blue Mountain Clydesdale Jamaica: Blue Mountain, Clydesdale","Aromas and flavors of dried apple, mellow tobacco, baking spice, whole milk body.",4,6,6,6,7,5,3,3,2,1,4,1,1,1,Conventional,Jamaica,St. Andrew's Parish,Washed,,Blue Mountain,"1,000 masl",October - Feb,No,No,No,No,
https://www.coffeebeancorral.com/product/Kenya-Ndaroini-AB-Nyeri-Distric__KENYAAB.aspx,"Kenya Chepkube AB Bungoma County Kenya: Chepkube AB, Bungoma County","Citrus ,lemon, grapefruit, black tea",6,4,5,4,5,5,1,1,1,2,3,2,3,1,Conventional,Kenya,"Bungoma County, Kenya",Washed,,"Batian, Kenya SL28, Ruiru 11",1580 masl,,No,No,No,No,
https://www.coffeebeancorral.com/product/Kenya-Peaberry-Plus-1516__KENYAPBPLUS.aspx,"Kenya Peaberry Plus 15/16 Kirinyaga County Kenya: Peaberry Plus 15/16, Kirinyaga County","Clean and well balanced with a smooth medium body, crisp and vibrant acidity and a sweet brown sugar aroma with flavor notes of orange, blackberry, grapefruit and nectarine.",6,4,5,6,5,6,1,2,1,1,4,3,2,1,Conventional,Kenya,"Meru, Embu, Nyeri, Muranga, Kirinyaga, Kiambu, Kangundo",Washed,,"Bourbon- SL28, SL34; Ruiru 11, Batian","1,500 - 2,000 masl",September- December (Main Crop); May- July (Fly Crop),No,No,No,No,
https://www.coffeebeancorral.com/product/Kenya-AA-Select-Plus__KENSELECTPLUS.aspx,"Kenya Select Plus AA Kiambu County Kenya: Select Plus AA, Kiambu County","Clean well balanced intense flavor, smooth medium body, sweet lingering aftertaste, bright crisp acidity and sweet brown sugar aroma with  blueberry, raspberry and black tea notes.",6,5,5,4,5,7,2,1,1,1,4,3,1,1,Conventional,Kenya,Kiambu County,Washed,,Multiple Varietals,"1,500 - 2,000 masl",February - March & November - December,No,No,No,No,
https://www.coffeebeancorral.com/product/Mexico-La-Laja-Honey-Process__MEXLAJAHONEY.aspx,"Mexico La Laja Honey Tlaltetela, Veracruz Mexico: La Laja Honey, Tlaltetela, Veracruz","Supremely sweet with a mild orange citric acidity and a smooth, creamy body. Very clean and consistent.",6,5,4,4,5,7,1,2,2,3,3,2,2,1,Conventional,Mexico,"Tlaltetela, Veracruz",Honey,,"Caturra, Garnica","1,130 - 1,250 masl",December - March,No,No,Yes,No,
https://www.coffeebeancorral.com/www/Products/Mexican-Organic---Oaxaca--FT-__MEXORGOAX.aspx,"Mexico Organic Cepco Oaxaca Oaxaca Mexico: Organic Cepco Oaxaca, Oaxaca","Cupping Notes: Smooth, complex, and clean with a rich body, honeyed, sweet fruit aroma that hints at a juicy ripe fruit & citrus flavor profile with pleasing cocoa undertones throughout.",6,5,6,5,6,6,1,3,2,3,4,2,2,1,Organic,Mexico,Oaxaca,Washed,Organic,"Bourbon, Mundo Novo, Typica, Criollo",1200 - 1500 masl,January - March,Yes,No,No,No,
https://www.coffeebeancorral.com/product/Nicaragua-Las-Segovias-Coop-SHG-San-Juan-del-Rio__NICSEGOVIAS.aspx,"Nicaragua Las Segovias Coop SHG San Juan del Rio Coco Nicaragua: Las Segovias Coop SHG, San Juan del Rio Coco","Clean well balanced flavor, smooth medium body, sweet brown sugar aroma, sweet aftertaste and bright crisp acidity with apple, lemon, pear, peach and chocolate notes.",6,5,5,4,6,6,1,3,1,3,4,1,1,1,Conventional,Nicaragua,San Juan del Rio Coco,Washed,,"Bourbon, Caturra, Maragogype, Catimor, Catuai","850 - 1,400 masl",November - March,No,No,No,No,
https://www.coffeebeancorral.com/product/Nicaragua-Organic-Jinotega-Finca-La-Isabelia__NICAORGJINOTEGA.aspx,"Nicaragua Organic Finca La Isabelia Jinotega Nicaragua: Organic Finca La Isabelia, Jinotega","This well-balanced coffee offers a smooth, juicy body with brown sugar and honey aromas. Its crisp acidity highlights grapefruit, strawberry, raisin, pomegranate, and chocolate notes, finishing with a sweet fruity lingering finish.",5,5,5,5,6,7,1,3,1,2,4,2,3,1,Organic,Nicaragua,Jinotega,Honey,Organic,"Caturra, Catuai, Catimor, Bourbon","1,300 masl",January - April,Yes,No,No,No,
https://www.coffeebeancorral.com/product/Panama-Boquette-SHB-Washed__PANBOQU.aspx,"Panama Finca La Santa SHB EP Boquete Panama: Finca La Santa SHB EP, Boquete","This well-balanced coffee opens with sweet vanilla, brown sugar, and honey aromas. The smooth, medium body carries vibrant acidity with notes of peach, citrus, and dark chocolate, culminating in a sweet floral finish.",6,4,4,5,6,5,1,3,1,2,4,3,3,1,Conventional,Panama,Boquete,Washed,,"Caturra, Catuai, Typica","1,200 to 1,400 masl",December - June,No,No,No,No,
https://www.coffeebeancorral.com/product/Panama-Janson-Farm-Geisha-531__PANGEISHA.aspx,"Panama Janson Farms Geisha Volcan High Lands Panama: Janson Farms Geisha, Volcan High Lands","Balanced, juicy, crisp, mild, and smooth with flavor notes of milk chocolate, caramel, orange blossom, lemon, black cherry",6,5,5,6,5,7,1,3,1,2,4,4,1,1,,Panama,Volcan High Lands,Washed,,Geisha,1350-1700,,No,No,No,No,
https://www.coffeebeancorral.com/product/Papua-New-Guinea-AA-Arokara__PNGAROKA.aspx,"Papua New Guinea Arokara AA Eastern Highlands Papua New Guinea: Arokara AA, Eastern Highlands",From the Arokara Cooperative in the East Highlands of Papua New Guinea this green coffee bean has notes of dark chocolate and plum with wine like acidity.,5,5,7,5,7,3,1,4,1,1,4,3,3,4,Conventional,Papua New Guinea,Eastern Highlands,Washed,,"Typica, Bourbon, Arusha","1,300 – 1,600 masl",June - August,No,No,No,No,
https://www.coffeebeancorral.com/product/Papua-New-Guinea-A-Mile-High__PNGMILEHI.aspx,"Papua New Guinea Mile High A Eastern Highlands Papua New Guinea: Mile High A, Eastern Highlands","Bright acidity and creamy body with notes of berries, caramel, malt, and citrus.",6,5,4,1,6,4,1,1,3,1,4,1,3,1,Conventional,Papua New Guinea,Eastern Highlands,Washed,,"Typica, Bourbon, Arusha","1,600 masl",June - August,No,No,No,No,
https://www.coffeebeancorral.com/product/Papua-New-Guinea-Organic-Chimbu-Chuave-District__PNGORGCHIMBU.aspx,"Papua New Guinea Organic Chimbu Scr.15 Chuave District Papua New Guinea: Organic Chimbu Scr.15, Chuave District","Very good delivery. Clean sweet lingering aftertaste, exotic balanced intense flavor, sweet brown sugar honey aroma and smooth juicy medium body with bright crisp vibrant acidity, citrus, lemon, orange, peach, pear and chocolate notes.",5,5,5,4,5,7,1,1,1,1,4,1,1,1,Organic,Papua New Guinea,"Simbu, Chuave district",Washed,Organic,Typica & Bourbon,"1,500-1,850 masl",April - September,Yes,No,No,No,
https://www.coffeebeancorral.com/product/Papua-New-Guinea-Organic-Decaf-Purosa-FTO-SWP__PNGDECAF.aspx,"Papua New Guinea Organic Decaf Purosa A/X Eastern Highlands Papua New Guinea: Organic Decaf Purosa A/X, Eastern Highlands","Cane sugar sweetness, medium acidity and creamy body with savory caramel and slight chocolate overtones.",3,5,5,4,5,6,2,4,3,3,1,1,1,4,Organic Decaffeinated,Papua New Guinea,Eastern Highlands,Washed,,"Bourbon, Typica Hybrids","600 - 1,500 masl","Year Round, Peaks May-July",Yes,Yes,No,Yes,Swiss Water Process
https://www.coffeebeancorral.com/product/Papua-New-Guinea-Organic-Purosa-AX__PNGORGPUROSA.aspx,"Papua New Guinea Organic Purosa A/X Eastern Highlands Papua New Guinea: Organic Purosa A/X, Eastern Highlands","Sweet raw sugar aroma, good acidity and creamy body, caramel overtones with hints of dried sweet apricot and a slight cocoa note on the
finish.",3,5,5,4,5,6,2,4,3,1,1,1,1,4,Organic,Papua New Guinea,Eastern Highlands,Washed,Organic,"Bourbon, Typica Hybrids","600 - 1,500 masl",May - July,Yes,Yes,No,No,
https://www.coffeebeancorral.com/product/Peru-Decaf-Organic-Royal-Select-MWP-FTO__PERUORGRSDCF.aspx,"Peru Organic Decaf Sol Y Cafe Cajamarca Peru: Organic Decaf Sol Y Cafe, Cajamarca",Notes of milk chocolate and caramel with hints of orange and a creamy body.,4,4,4,3,5,4,1,4,1,3,3,1,1,1,,Peru,"Cajamarca, in the provinces of Jaen
and San Ignacio",Washed,,"Bourbon, Catuai, Pache, Typica","900 - 2,000 masl",May - November,Yes,Yes,No,Yes,Swiss Water Process
https://www.coffeebeancorral.com/product/Peru-Organic-Finca-La-Esperanza-FTO-RFA__PERUORGESPERANZA.aspx,"Peru Organic Finca La Esperanza G1 San Martin Peru: Organic Finca La Esperanza G1, San Martin","Chocolate & cherry, toasty, nutty, and sweet aroma. Notes of citrus, malt, pine, and semi-sweet chocolate with a mild, lingering aftertaste, low acidity, full-bodied, and well-balanced.",4,5,5,5,6,6,2,3,3,2,2,3,1,1,Organic,Peru,San Martin,Washed,Organic,"Caturra, Typica, Catimor","900 - 2,000 masl",April - October,Yes,Yes,Yes,No,
https://www.coffeebeancorral.com/Rwanda-Kawa-Yacu-Womens-Co-Op-Karongi-District__RWANDAYACU.aspx,"Rwanda Kawa Yacu Women's Co-Op Karongi District Rwanda: Kawa Yacu Women's Co-Op, Karongi District","This naturally processed Rwanda boasts tea-like body and floral, dried stone fruit cup character with a pleasant savoriness and tart raspberry brightness",6,4,4,4,5,5,1,1,1,1,4,1,1,1,Conventional,Rwanda,Karongi District,Washed,,Bourbon,"1,700 - 2,200 masl",February - July,No,No,Yes,No,
https://www.coffeebeancorral.com/product/Seasoning-Beans__SEASONBEANS.aspx,Seasoning Beans,Seasoning Beans,1,1,1,1,1,1,1,1,1,1,1,1,1,1,CBC Blend,,,,,,,,No,No,No,No,
https://www.coffeebeancorral.com/www/Products/Sulawesi-Kalossi__SULAKALOSSI.aspx,"Sulawesi Kalossi Tana Toraja Sulawesi: Kalossi, Tana Toraja","Well-balanced delivering intense flavor with a smooth, creamy medium-to-full body. Sweet brown sugar and honey aromas introduce mild, crisp acidity complemented by notes of citrus, orange, nectarine, cherries, brown spice, and dark chocolate. Finishes with a clean, sweet, lingering aftertaste.",4,6,6,4,6,5,3,3,1,2,3,2,1,3,Conventional,Indonesia,Tana Toraja,Wet Hulled,,"Catimor, Typica Hybrids","1, 400 - 1,900 masl",June - December,No,No,No,No,
https://www.coffeebeancorral.com/product/Sumatra-Lake-Toba-TP__SUMLAKETOBA.aspx,"Sumatra Lake Toba, Lintong TP","Triple picked and wet hulled, with a smooth, full body and flavor notes of sweet herbs and rich earthiness.  Medium body, cumin spice, basil, roasted green pepper, complex acidity and aroma",3,6,5,6,4,2,4,1,1,1,1,1,1,4,Conventional,Indonesia,Lintong,Wet Hulled,,"Sigararutang, Jember Lini S795,
Andungsari","1,300 - 1,600 masl",March – January,No,No,No,No,
https://www.coffeebeancorral.com/product/Sumatra-Mutu-Batak-Lintong__SUMMUTUBATAK.aspx,"Sumatra Mutu Batak Lintong Sumatra: Mutu Batak, Lintong","Triple picked, wet hulled coffee, with a heavy syrup body, flavor notes of clean cedar and tobacco.",3,6,5,6,4,2,3,1,1,3,1,1,1,4,Conventional,Indonesia,Lintong,Wet Hulled,,"Ateng, Jember, Garundang","1,000 - 1,400 masl",Main Crop: October/December; Fly Crop: March/April,No,No,No,No,
https://www.coffeebeancorral.com/www/Products/Sumatra-Royal-Select-Decaf-Organic__SUMRSDECAFOR.aspx,"Sumatra Organic Decaf Mandheling Aceh Sumatra: Organic Decaf Mandheling, Aceh","Having almost as much body as the high-octane Sumatras, it provides a nice, clean cup with the complexities found in other Sumatrans.",4,4,3,4,4,4,3,1,1,1,1,1,4,4,Organic Decaffeinated,Indonesia,Aceh,Washed,,,,,Yes,Yes,No,Yes,Swiss Water Process
https://www.coffeebeancorral.com/product/Sumatra-Raja-Batak-Peaberry__SUMRAJA.aspx,"Sumatra Raja Batak Peaberry Lintong Sumatra: Raja Batak Peaberry, Lintong","A brisk acidity, heavy body, and sweet and clean with notes of pipe tobacco and cedar and a long, rich finish.",5,6,5,5,5,5,3,1,2,3,1,2,1,4,Conventional,Indonesia,Lintong,Wet Hulled,,"Ateng, Jember, Garundang","1,000 - 1,300 masl",Main Crop: October/December; Fly Crop: March/April,No,No,No,No,
https://www.coffeebeancorral.com/www/Products/Tanzania-Peaberry---__TANZPB.aspx,"Tanzania Peaberry, Kilimanjaro","Sweet brown sugar honey aroma, juicy smooth medium to full body, clean sweet fruity lingering aftertaste, exotic well balanced intense flavor and crisp bright tangy winey acidity with black tea, citrus, orange and blueberry notes",6,5,5,6,5,7,2,1,1,2,4,1,4,1,Conventional,Tanzania,Kilimanjaro,Washed,,"Bourbon, N39, Kent, Comfact, Nyasa","1,100 - 1,700 masl",May - December,No,No,No,No,
https://www.coffeebeancorral.com/product/Timor-Organic-Maubesse-FTO__TIMORG.aspx,"Timor Organic Cafe Timor Coop East Timor Timor: Organic Cafe Timor Coop, East Timor","Lemongrass, floral, dark chocolate",4,5,4,5,6,4,1,4,1,3,2,3,1,2,Organic,Indonesia,East Timor,Washed,,"Bourbon, Timor Hybrid","1,300 - 1,500 masl",June - September,Yes,No,No,No,
https://www.coffeebeancorral.com/www/Products/Uganda-MTELGON--AA.aspx,"Uganda Mt Elgon A Bugisu Uganda: Mt Elgon A, Bugisu","Sweet floral brown sugar vanilla honey aroma, well balanced intense flavor, clean sweet fruity rich aftertaste, smooth medium body and bright crisp winey acidity with citrus, lemon, orange, lemon, lime, peach, pear and pomegranate notes",4,3,6,5,6,7,1,2,2,1,4,4,1,1,Conventional,Uganda,Kapchorwa,Washed,,"SL28, SL14, Nyasaland and Bugisu","1,650 - 2,200 masl",September - February,No,No,No,No,
https://www.coffeebeancorral.com/www/Products/Uganda-Organic---Bugisu__UGANDORG.aspx,"Uganda Organic Bugisu Sipi Falls Uganda: Organic Bugisu, Sipi Falls","A complex cup with notes of baker's chocolate, molasses, and black pepper. Minimal brightness, above average sweetness, and a pleasing, full body.",2,6,5,4,6,5,3,3,2,2,1,1,1,2,Organic,Uganda,Kapchorwa District,Washed,Organic,"Bourbon, Kenya SL14, Kenya SL28","1,300 - 2,000 masl",October - February,Yes,No,No,No,
https://www.coffeebeancorral.com/product/Vietnam-Robusta__VIETNAMROB.aspx,"Vietnam Robusta Central Highlands Vietnam: Robusta, Central Highlands","A heavy-bodied Robusta offering with a stout body, balanced cup with a clean finish.",2,6,3,2,5,2,2,1,3,1,1,1,1,3,Conventional,Vietnam,Southern Central Highlands,Washed,,Robusta,400-800 masl,,No,No,No,No,
https://www.coffeebeancorral.com/product/Vietnam-Son-La-SHG-Son-La__SONLAWASH.aspx,"Vietnam Son La Select SHG Son La Vietnam: Son La Select SHG, Son La","Spicy, cocoa, and herbal notes with caramel and almond undertones; medium body, bright acidity; smooth finish with sweet aftertaste.",5,4,3,4,5,5,3,3,2,1,2,1,2,2,Conventional,Vietnam,Son La,Washed,,Catimor,700-1200 masl,,No,No,Yes,No,
https://www.coffeebeancorral.com/Yemen-Mocca-Khulani-Peaberry-Sadah__YEMENPB.aspx,"Yemen Mocca Peaberry Sa'adah Governorate Yemen: Mocca Peaberry, Sa'adah Governorate","Dried nectarine, chocolate covered raisin, baking spice",5,4,6,4,5,6,1,4,1,2,4,1,1,2,Conventional,Yemen,"Sa'adah Governorate, Yemen",Natural,,Jadee/Jaadi Yemeni Landrace Varieties,"1,000 - 2,000 masl",November - February,No,No,No,No,
https://www.coffeebeancorral.com/product/Yemen-Mocca-Khulani-Natural__YEMSAD.aspx,"Yemen Northern Crown Khulani Sa'adah Governorate Yemen: Northern Crown Khulani, Sa'adah Governorate","Cocoa, earthy, light fruit, medium body, Caramelized banana, Dark Chocolate. Fresh, smooth, pleasant herbal notes",4,6,4,5,6,5,1,4,1,2,2,2,1,3,Conventional,Yemen,Sa'adah Governorate,Natural,,"Audaini, Dawaery, Tuffahi","1,400 - 2,500 masl",October - February,No,No,No,No,
